<?xml version="1.0" encoding="UTF-8"?>
<SUGGESTIONS>
<show_suggestions value="true"/>
<transparent_suggestions value="false"/>
<default_text_color value="#000000"/>
<default_bg_color value="#ffffff"/>
<apps_text_color value="#000000"/>
<apps_bg_color value="#dec8ab"/>
<alias_text_color value="#E82EE"/>
<alias_bg_color value="#4682B4"/>
<cmd_text_color value=""/>
<cmd_bg_color value="#bcd207"/>
<song_text_color value=""/>
<song_bg_color value="#EEFF41"/>
<contact_text_color value=""/>
<contact_bg_color value="#64FFDA"/>
<file_text_color value=""/>
<file_bg_color value="#03A9F4"/>
<suggest_alias_default value="true"/>
<suggest_appgp_default value="true"/>
<click_to_launch value="true"/>
<suggestions_size value="20"/>
<double_space_click_first_suggestion value="true"/>
<noinput_suggestions_order value="0(5)1(5)2(2)3(5)"/>
<suggestions_order value="2(2)0(5)1(5)3(3)"/>
<noinput_min_command_priority value="5"/>
<suggestions_per_category value="5"/>
<suggestions_deadline value="0.45"/>
<suggestions_algorithm value="13"/>
<suggestions_quickcompare_n value="3"/>
<hide_suggestions_when_empty value="always"/>
<suggestions_spaces value="15,15,25,20"/>
</SUGGESTIONS>
